App,Total_Review,Avg_Polarity,Avg_Subjectivity,Avg_Sentiment_Score,Negative_Review,Neutral_Review,Positive_Review
10 Best Foods for You,194,0.4707328206587227,0.49545471424337406,0.5056113402061856,10,22,162
104 找工作 - 找工作 找打工 找兼職 履歷健檢 履歷診療室,40,0.3924045634920635,0.5455162698412699,0.47262750000000003,1,8,31
11st,39,0.18594278406778406,0.45534044659044665,0.1362923076923077,7,9,23
1800 Contacts - Lens Store,80,0.3181447736291486,0.5910984848484848,0.5195075,6,10,64
1LINE – One Line with One Touch,38,0.19629029961266803,0.5573153053087264,0.3383684210526316,8,3,27
2018Emoji Keyboard 😂 Emoticons Lite -sticker&gif,32,0.4495659722222222,0.5205729166666667,0.39042187500000003,1,6,25
21-Day Meditation Experience,80,0.25801367845117845,0.5510479902042402,0.52223625,10,2,68
"2Date Dating App, Love and matching",38,0.2802671702652353,0.5583907406662825,0.5435500000000001,7,5,26
2GIS: directory & navigator,40,0.22312904265873015,0.3966579365079365,0.30151249999999996,6,11,23
2RedBeans,39,0.4121991790261021,0.5978684477915248,0.43368205128205123,2,6,31
2ndLine - Second Phone Number,40,0.16896820887445888,0.3770225018037518,0.0877225,7,16,17
30 Day Fitness Challenge - Workout at Home,31,0.33353687339286414,0.5585879078678617,0.5749516129032258,2,2,27
365Scores - Live Scores,7,0.4383116883116883,0.6396103896103896,0.47324285714285713,0,2,5
3D Live Neon Weed Launcher,2,0.5681818181818181,0.4,0.31845,0,0,2
4 in a Row,20,0.28114351851851854,0.5781031746031746,0.5186,3,0,17
4K Wallpapers and Ultra HD Backgrounds,9,0.17932800224466894,0.594328202661536,0.42775555555555556,2,0,7
591房屋交易-租屋、中古屋、新建案、實價登錄、別墅透天、公寓套房、捷運、買房賣房行情、房價房貸查詢,15,0.08079241071428571,0.3217280801209373,-0.05378666666666666,2,8,5
591房屋交易-香港,9,0.22291666666666668,0.31342592592592594,0.2252888888888889,1,3,5
7 Cups: Anxiety & Stress Chat,8,0.3246701388888889,0.5671585648148147,0.3133875,1,0,7
7 Day Food Journal Challenge,9,0.18941137566137567,0.6002028218694886,0.40442222222222224,0,0,9
7 Minute Workout,11,0.41027777777777774,0.6212481962481963,0.6679272727272727,1,0,10
7 Weeks - Habit & Goal Tracker,14,0.14282013621299336,0.49746949974628546,0.6118499999999999,4,0,10
8 Ball Pool,219,0.0012520071606734009,0.4913517369146038,0.32974292237442926,106,9,104
850 Sports News Digest,39,0.5428597480561766,0.6924202606002057,0.679725641025641,1,0,38
8fit Workouts & Meal Planner,171,0.2648642413061273,0.5346484758473062,0.5876730994152046,19,15,137
95Live -SG#1 Live Streaming App,78,0.06900233100233101,0.4559274799274799,0.04847692307692308,20,24,34
A Call From Santa Claus!,34,0.008293862999745357,0.6577408804430863,0.17211176470588235,14,0,20
A Word A Day,4,0.2772727272727273,0.6690340909090909,0.42095,0,1,3
A&E - Watch Full Episodes of TV Shows,38,0.35388257575757576,0.49546326754385966,0.3648921052631579,3,5,30
A+ Gallery - Photos & Videos,41,0.2088149162103866,0.40287027819257787,0.2501780487804878,7,10,24
A+ Mobile,84,0.3295922619047619,0.522708380574452,0.3582952380952381,9,18,57
ABC Kids - Tracing & Phonics,37,0.36777017277017277,0.5095799695799695,0.5659864864864865,1,6,30
ABC News - US & World News,70,-0.04236183905380334,0.4111693465264894,-0.026538571428571432,29,23,18
ABC Preschool Free,36,0.22080488040123458,0.4229706790123457,0.33750277777777776,8,9,19
ABCmouse.com,36,0.18250385802469135,0.5238508597883598,0.34048055555555556,9,2,25
AC - Tips & News for Android™,35,0.09841655071119357,0.4841472548615406,0.15076285714285714,10,7,18
ACE Elite,33,0.25217091550424886,0.44258938592271924,0.34106060606060606,4,7,22
"AD - Nieuws, Sport, Regio & Entertainment",19,0.16182364314883113,0.46580603989438574,0.1904684210526316,3,3,13
AMC Theatres,6,0.13569444444444442,0.5781944444444445,0.3793166666666667,1,0,5
ANA,27,-0.026024764844209285,0.3005272633744856,-0.10693703703703702,11,10,6
"AOL - News, Mail & Video",33,0.09218199309108398,0.3985407465710496,0.17139696969696971,7,9,17
AP Mobile - Breaking News,36,0.1951159148207759,0.47140920486406596,0.42645,4,1,31
APE Weather ( Live Forecast),33,0.4323232323232323,0.5066498316498317,0.41193939393939394,2,6,25
"APUS Launcher - Theme, Wallpaper, Hide Apps",31,0.44747311827956987,0.5185483870967742,0.3674935483870968,4,2,25
ARY NEWS,33,0.23374426078971533,0.43835169880624425,0.24473939393939392,6,9,18
ARY NEWS URDU,34,0.24342580213903742,0.5183455882352942,0.12205294117647059,7,8,19
ASOS,66,0.31691663660413655,0.5864045214045215,0.5049939393939393,6,8,52
ASUS Calling Screen,24,0.06316393097643097,0.4153295604858105,0.06579583333333333,5,10,9
ASUS Cover for ZenFone 2,6,0.07638888888888888,0.44305555555555554,0.2556333333333333,1,2,3
ASUS Quick Memo,2,0.02916666666666665,0.33333333333333337,0.2049,0,1,1
ASUS Sound Recorder,16,0.5167708333333333,0.5952976190476191,0.4596625,2,1,13
ASUS SuperNote,23,0.19279142355229312,0.484638308551352,0.32000434782608694,5,4,14
"AT&T Navigator: Maps, Traffic",29,0.07130096542927515,0.41218410352646806,0.2794379310344828,9,4,16
AT&T Smart Wi-Fi,20,0.1895487012987013,0.4328650238650239,0.23632,1,8,11
AT&T Visual Voicemail,25,0.029975541125541127,0.45259386724386724,-0.01614,9,5,11
"AVG Cleaner – Speed, Battery & Memory Booster",35,0.2736637188208617,0.5824492063492064,0.5176514285714285,5,1,29
Abs Training-Burn belly fat,36,0.21741882334004728,0.4469090862840863,0.30234722222222227,6,5,25
Account Manager,33,-0.08763520281275963,0.4564656849884123,-0.254569696969697,18,4,11
Accounting App - Zoho Books,71,0.44866448692152916,0.5223977196512407,0.4424676056338028,6,9,56
AccuWeather: Daily Forecast & Live Weather Reports,32,0.20072330975773356,0.4937064606400544,0.3471,5,4,23
Acorn TV: World-class TV from Britain and Beyond,23,0.0860583905828471,0.5070377689942908,0.05822608695652175,7,2,14
Acorns - Invest Spare Change,5,0.04666666666666667,0.20388888888888887,0.1391,1,2,2
AdWords Express,50,0.1948439393939394,0.2716686868686869,0.145438,2,28,20
Ada - Your Health Guide,63,0.3032562929106828,0.5554172335600908,0.532495238095238,5,4,54
Add Text To Photo,34,0.22970324746060042,0.4007626922823001,0.4187058823529412,6,10,18
Adobe Acrobat Reader,162,0.15506166298122315,0.48715842842000245,0.3595512345679013,28,15,119
Adobe Photoshop Express:Photo Editor Collage Maker,42,0.18538849807599805,0.486466274135917,0.5960928571428572,8,2,32
Advanced Task Killer,15,0.13885152116402114,0.43680291005291,0.07978666666666666,3,1,11
Agar.io,136,-0.06060223338072603,0.45973048669739847,-0.037040441176470595,66,10,60
Age Calculator,32,0.1313830266955267,0.6030233698593074,0.22901875,9,4,19
Agoda – Hotel Booking Deals,35,0.4795306122448979,0.6043673469387756,0.43720571428571425,2,3,30
Air Traffic,22,0.29464074593335954,0.4859695165945166,0.30353181818181824,3,3,16
AirAsia,21,-0.1036063011063011,0.43236171236171234,-0.12116666666666667,10,3,8
AirBrush: Easy Photo Editor,24,0.3520497384559884,0.4650115740740741,0.5395541666666667,1,6,17
Airbnb,62,0.1080045398230162,0.49490795255052167,0.28761451612903227,19,7,36
Airport + Flight Tracker Radar,22,0.08928481240981238,0.42453282828282823,0.1882818181818182,7,2,13
Airway Ex - Intubate. Anesthetize. Train.,39,0.22094190098096347,0.49310152810152813,0.33534358974358974,8,6,25
Akinator,38,-0.01489888966932038,0.4953002693665287,0.42689736842105264,18,1,19
AlReader -any text book reader,39,0.2455511849261849,0.41257682132682133,0.4158487179487179,6,9,24
Alarm Clock,36,0.17466728294853293,0.371872185813158,0.11448055555555554,4,10,22
Alarm Clock Free,34,0.15576177498971616,0.35684034219748506,0.10058823529411764,5,10,19
Alfred Home Security Camera,30,0.33757424242424244,0.4758727272727273,0.4285466666666667,0,9,21
"AliExpress - Smarter Shopping, Better Living",45,0.038380545534712186,0.6177662898829566,0.2700622222222222,16,0,29
All Email Providers,5,0.21500000000000002,0.6066666666666667,0.13426000000000002,2,0,3
All Events in City,25,0.5028597402597402,0.5618210678210679,0.56784,0,2,23
All Football - Latest News & Videos,32,0.43206329477813854,0.5105386453823954,0.5394375,3,2,27
"All Football GO- Live Score, Games",36,0.5265151515151515,0.5140277777777779,0.4322888888888889,1,5,30
All Language Translator Free,30,0.3927835497835498,0.5550324675324675,0.4404633333333334,0,6,24
All Maths Formulas,33,0.354636544011544,0.421768278018278,0.3777060606060606,1,6,26
All Mental disorders,65,0.1986024636532449,0.4228739316239316,0.3818323076923077,12,10,43
All Social Networks,34,-0.10641024212715389,0.5138202177724237,-0.02546176470588235,17,5,12
All Video Downloader 2018,34,0.3826797385620915,0.5417320261437909,0.31974705882352944,3,8,23
"All-In-One Toolbox: Cleaner, Booster, App Manager",22,0.26733509335782063,0.5456981066071975,0.3687227272727273,4,3,15
All-in-One Mahjong 3 FREE,1,0.5,0.6,0.4404,0,0,1
Allegiant,3,0.2333333333333333,0.2333333333333333,0.28683333333333333,0,1,2
Allrecipes Dinner Spinner,19,0.2729995443153338,0.5816768246373509,0.5393631578947368,3,0,16
Alto's Adventure,175,0.03982694182829145,0.5261316988814583,0.5688297142857143,72,0,103
Amazon Drive,36,0.1298491985987103,0.4733768187830688,0.28495000000000004,14,4,18
"Amazon FreeTime – Kids’ Videos, Books, & TV shows",35,0.3425348246524717,0.5080825644943292,0.5751028571428571,3,4,28
Amazon Kindle,117,0.06519186713433872,0.46011748819829623,0.1613923076923077,33,19,65
Amazon Prime Video,2,0.46111111111111114,0.5555555555555556,0.61675,0,0,2
Amazon Shopping,45,0.1820225865037373,0.4624378936759889,0.22565555555555555,13,10,22
Amazon for Tablets,20,0.10113604797979796,0.37119065656565653,0.09555,7,3,10
American Airlines,43,-0.07563614410998132,0.48372397843328074,5.581395348836595e-05,19,4,20
Amex Mobile,36,0.17566632595799261,0.4177012452568008,0.21379166666666669,8,8,20
Amino: Communities and Chats,35,0.04758960435151364,0.5375361254760332,0.2535685714285714,12,0,23
Amtrak,39,-0.028284245516388376,0.369246213442642,-0.0020897435897435875,16,12,11
Anatomy Learning - 3D Atlas,36,0.22653244999599165,0.48883272206188877,0.5559472222222221,5,3,28
Ancestry,37,0.27263030438253655,0.5161272868415725,0.386427027027027,4,5,28
AndroZip™ FREE File Manager,39,0.11732338494838494,0.39017196692196693,0.21165897435897435,10,8,21
"Android Auto - Maps, Media, Messaging & Voice",31,0.28779230407542616,0.5447434959291718,0.7355096774193548,1,0,30
Android Messages,43,0.071675937548939,0.5132160195532288,0.08143023255813954,16,4,23
Anger of stick 5 : zombie,3,0.11944444444444441,0.5027777777777778,0.5329333333333334,1,0,2
Angry Birds 2,29,0.002282199760648026,0.49623943585150476,0.4339620689655172,13,0,16
Angry Birds Classic,273,-0.007537394764251821,0.5348862663965559,0.0505007326007326,147,2,124
Angry Birds Rio,39,-0.038924252279907035,0.4715201068772497,0.2066923076923077,23,1,15
Animal Planet GO,21,0.2735714285714286,0.45373677248677247,0.4091,3,4,14
Animated Photo Editor,35,0.29185714285714287,0.5463650793650794,0.28359142857142855,4,10,21
Anime Avatar Creator: Make Your Own Avatar,28,0.20215771508819977,0.5931982912212505,0.5023000000000001,9,1,18
Anime Manga Coloring Book,24,0.3609907670454546,0.5071180555555556,0.5375833333333333,3,2,19
Anthem Anywhere,65,-0.08797731435231436,0.3850360223821762,-0.027736923076923086,28,18,19
Anthem BC Anywhere,31,-0.12323348694316437,0.36789554531490015,-0.06410645161290322,12,11,8
"Any.do: To-do list, Calendar, Reminders & Planner",98,0.21603763727971087,0.4500429534831867,0.4221010204081633,13,11,74
Apartment Decorating Ideas,1,0.245,0.2,0.6901,0,0,1
"Apartment List: Housing, Apt, and Property Rentals",47,0.4664228723404255,0.5809655146534579,0.5201510638297873,2,3,42
"Apartment, Home Rental Search: Realtor.com Rentals",25,-0.003732900432900429,0.48327186147186146,0.022744000000000007,10,3,12
Apartments & Rentals - Zillow,44,0.29299168634395906,0.462912321264594,0.4692977272727273,2,14,28
Apartments.com Rental Search,69,0.07240305487588096,0.4129084844302236,0.0694,19,18,32
Apex Launcher,60,0.1061327486171236,0.4681670875420875,0.11697,16,7,37
Apk Installer,27,0.19391694725028058,0.4882034632034632,0.3128777777777778,6,3,18
App vault,21,-0.04353505760732322,0.4761634199134199,0.012200000000000004,10,3,8
AppLock,13,0.016233349983349996,0.4999414474414474,0.30466153846153843,7,0,6
AppLock - Fingerprint,19,0.20993951418951418,0.5643250329105592,0.30145789473684215,3,0,16
Apple Daily 蘋果動新聞,34,0.08276605928566712,0.32993794150656897,-0.0029529411764705896,9,12,13
Aprender inglés con Wlingua,56,0.3996215213358071,0.5617165532879819,0.7191,1,2,53
Archos File Manager,31,0.1152958152958153,0.4863489736070381,0.10255806451612903,8,9,14
Arrow.io,95,0.08073817355889723,0.45664369256474513,0.2743347368421053,28,14,53
Asana: organize team projects,43,0.2306454630830486,0.5227672402646754,0.49117906976744186,5,5,33
Ascape VR: 360° Virtual Travel,18,0.1509645061728395,0.5006944444444444,0.20768333333333333,4,4,10
Asphalt 8: Airborne,73,0.004450410725820944,0.5135438903805984,0.3356287671232877,31,3,39
Associated Credit Union Mobile,35,0.3880928287981859,0.5595348639455783,0.4872171428571429,1,4,30
Asteroids 3D live wallpaper,31,0.253524397462264,0.48231736087307936,0.3777709677419355,4,6,21
Atlan3D Navigation: Korea navigator,36,0.2781841981321148,0.39801614858906526,0.39040833333333336,2,11,23
AutoCAD - DWG Viewer & Editor,36,0.11960119548661215,0.48721443101651435,0.23106111111111113,12,8,16
AutoScout24 Switzerland – Find your new car,37,0.4169514157014157,0.5583655083655084,0.42461621621621626,3,4,30
Avakin Life - 3D virtual world,69,0.08085916643028912,0.5053262068732377,0.5704130434782608,16,1,52
Aviary Effects: Classic,37,0.10624119358661768,0.538079149507721,0.2547702702702702,9,2,26
Aviary Stickers: Free Pack,37,0.0658285525785526,0.6725140465140466,0.3022756756756757,12,2,23
Azar,92,0.06840380917580306,0.48170581984440686,0.0031663043478260895,25,29,38
Azpen eReader,23,0.24262422360248445,0.5973257418909593,0.2509217391304348,4,4,15
B612 - Beauty & Filter Camera,16,0.08178212791982326,0.5275852272727273,0.4272625,5,2,9
BBC Media Player,24,-0.028519833754208763,0.43761078042328044,0.062362499999999994,11,1,12
BBC News,63,0.0969990437252342,0.38892420043213694,0.05049206349206349,18,8,37
BBC Sport,49,0.16657655269900168,0.4234672895132079,0.339030612244898,8,8,33
BBM - Free Calls & Messages,35,0.1544232523738662,0.46189045214045216,0.29373714285714286,8,9,18
BBVA Compass Banking,29,0.2055902244649166,0.4824433106575964,0.14138620689655174,7,5,17
BBVA Spain,33,0.515085705540251,0.5946316246884429,0.44045757575757577,3,3,27
BBW Dating & Curvy Singles Chat- LargeFriends,75,0.18276632996632997,0.45742092352092356,0.32289066666666666,16,14,45
BBW Dating & Plus Size Chat,111,0.13124668499668501,0.49101675539175543,0.14154324324324324,27,15,69
BBWCupid - BBW Dating App,39,0.12691173304809666,0.47169284419284424,0.17387179487179485,9,9,21
BELONG Beating Cancer Together,38,0.35058287290195184,0.4141634626338574,0.4575368421052632,2,8,28
BEST CAR SOUNDS,37,0.3076986076986077,0.5282896532896533,0.33494594594594596,3,9,25
BET NOW - Watch Shows,108,0.0510880756974507,0.40812905844155845,0.04212222222222222,30,39,39
BEYBLADE BURST app,36,-0.01392739590656258,0.4690503362378362,0.31703888888888887,17,3,16
BIG Launcher,40,0.18498650308025308,0.41012519511738266,0.454255,5,9,26
BLK - Swipe. Match. Chat.,40,0.30767763519549235,0.5519399908953481,0.28287,4,9,27
BZWBK24 mobile,23,0.3268825522303783,0.5547810559006211,0.26506956521739133,4,5,14
BaBe - Baca Berita,15,0.18680555555555553,0.4090277777777778,0.10193333333333335,1,4,10
BaBe Lite - Baca Berita Hemat Kuota,13,0.31442307692307697,0.43333333333333335,0.29384615384615387,1,4,8
BaBe+ - Berita Indonesia,20,0.365625,0.4479166666666667,0.25317,2,5,13
Babbel – Learn Languages,48,0.3916361531986532,0.4983976758195508,0.46038958333333335,3,11,34
Babbel – Learn Spanish,39,0.3093640734265734,0.5447092028342028,0.48154871794871795,5,1,33
Baby ABC in box! Kids alphabet games for toddlers!,37,0.28577512577512576,0.4947191022191022,0.46984054054054053,6,2,29
Baby Monitor,35,0.2742230725623583,0.49213548752834463,0.4386514285714286,4,4,27
Baby Name Together,37,0.2859856284856285,0.49526973401973406,0.3457810810810811,6,6,25
Baby Panda Care,50,0.17201893939393936,0.5404242424242424,0.369334,10,8,32
Baby Panda Learns Shapes,37,0.2475370012870013,0.3571943371943372,0.3884081081081081,2,16,19
Baby Panda Musical Genius,37,0.2277602521352521,0.48696199446199445,0.2787972972972973,4,11,22
Baby Panda’s Juice Shop,3,0.10833333333333328,0.4916666666666667,0.5116333333333333,0,0,3
Baby Tiger Care - My Cute Virtual Pet Friend,9,0.19518518518518518,0.36296296296296293,0.32595555555555555,0,4,5
Baby puzzles,34,0.07949984276689925,0.5072541012452412,0.24248529411764708,14,4,16
"Baca- Berita Terbaru, Informasi, Gosip dan Politik",33,0.2440754132231405,0.48291191132100225,0.19016363636363637,3,9,21
Backgrounds (HD Wallpapers),30,0.26443175805675806,0.599070847362514,0.48641,6,1,23
Backgrounds HD (Wallpapers),30,0.35387590187590184,0.5209487734487734,0.3182933333333333,3,9,18
BaconReader for Reddit,33,0.2280863229009162,0.4700780805894442,0.23229090909090908,8,1,24
Bad Piggies,77,0.007940659648845768,0.5389492408533662,0.33808181818181815,37,3,37
Badoo - Free Chat & Dating App,120,0.1284891774891775,0.41610276875901875,0.12156583333333335,27,35,58
Bagan - Myanmar Keyboard,32,0.29119916907636634,0.4197362012987013,0.22973437500000002,2,9,21
Banco Itaú,40,0.07654520652958152,0.3643950216450217,0.0451025,9,13,18
Banco do Brasil,40,0.22347267316017314,0.47966436688311687,0.212975,7,11,22
Bancomer móvil,40,-0.07185252074314573,0.3070278550814265,-0.1623175,21,8,11
Banfield Pet Health Tracker,80,0.08254051373973248,0.49524039849039847,0.1512075,28,6,46
Bangla Newspaper – Prothom Alo,38,0.1693530701754386,0.4352339181286549,0.11752894736842105,7,11,20
Banjo,39,0.23085021228771227,0.46412157310875257,0.342548717948718,6,6,27
Bank of America Mobile Banking,32,0.1800268291975881,0.4850038651824366,0.3957875,6,4,22
BankMobile Vibe App,23,0.35345457682414205,0.5646099190664409,0.571895652173913,2,2,19
Banorte Movil,26,0.116998667998668,0.5673119519369519,0.20726538461538463,9,0,17
Banque Populaire,18,0.032322092452300805,0.32675855780022445,-0.0958611111111111,8,5,5
Barbie Life™,19,0.16261297182349813,0.3933479532163743,0.4251421052631579,2,6,11
Barbie Magical Fashion,31,0.08473276471512356,0.5782083847305621,0.5300516129032258,13,0,18
Barbie™ Fashion Closet,77,0.048600288600288595,0.47649350649350647,0.32504025974025974,25,9,43
Barclays US for Android,40,0.017928003998316493,0.41255418771043767,-0.0399325,15,10,15
Barcode Scanner,37,0.38627013377013375,0.4835820560820561,0.47062162162162163,0,6,31
Baritastic - Bariatric Tracker,40,0.41827673686267436,0.571031492647564,0.642695,1,5,34
Baseball Boy!,40,0.012272397197141398,0.4744802114272896,0.280815,20,0,20
Basketball FRVR - Shoot the Hoop and Slam Dunk!,35,0.1024642857142857,0.4600272108843538,0.3692142857142857,12,7,16
Basketball Stars,89,0.013905112685626995,0.4871262763528012,0.13211797752808987,41,4,44
Bathroom Decorating Ideas,40,0.36267578125,0.5115454545454545,0.288385,6,9,25
Battlelands Royale,89,0.040406194848324126,0.5142119465462056,0.35367865168539325,34,2,53
Be A Legend: Soccer,98,-0.09925060033337468,0.4743972818025296,0.07157448979591838,59,6,33
BeSoccer - Soccer Live Score,36,0.3567684784351451,0.40465388007054676,0.4446611111111111,2,9,25
BeWild Free Dating & Chat App,38,0.17037221276530484,0.5180704969575584,0.5138736842105264,6,1,31
Beautiful Design Birthday Cake,36,0.2703075396825396,0.519702380952381,0.2962694444444444,5,10,21
Beautiful Widgets Free,40,0.013460700757575748,0.5222924031986531,-0.07437999999999999,17,3,20
Beautiful Widgets Pro,37,0.17941837105155556,0.5016910966315729,0.28985945945945946,5,2,30
Beauty Camera - Selfie Camera,36,0.19999366181657846,0.4508201058201058,0.38031944444444443,8,5,23
Beauty Makeup Snappy Collage Photo Editor - Lidow,4,0.1532142857142857,0.4769047619047619,0.47135,1,1,2
BeautyPlus - Easy Photo Editor & Selfie Camera,4,0.3,0.30000000000000004,0.32415,0,2,2
Bed Time Fan - White Noise Sleep Sounds,1,0.78125,0.6,0.7955,0,0,1
Best Car Wallpapers,3,-0.13333333333333328,0.48888888888888893,-0.03326666666666667,1,1,1
Best Fiends - Free Puzzle Game,1,0.3249999999999999,0.5375,0.9698,0,0,1
Best Ovulation Tracker Fertility Calendar App Glow,1,0.5953125,0.5416666666666666,0.6892,0,0,1
"Best Wallpapers Backgrounds(100,000+ 4K HD)",10,0.30042929292929293,0.38994949494949493,0.3971,0,4,6
Best Wallpapers QHD,35,0.4722514455782313,0.6184401360544217,0.5704742857142857,4,1,30
"BestCam Selfie-selfie, beauty camera, photo editor",99,-0.03798581048581047,0.4216201699535033,-0.04854040404040404,32,39,28
BetterMe: Weight Loss Workouts,37,0.29227532274407275,0.49825571575571576,0.5221351351351351,6,4,27
Betterment,40,0.14325219763259925,0.5105452301501409,0.2249825,8,7,25
BeyondMenu Food Delivery,38,0.4087426900584795,0.6176803118908382,0.5194973684210527,2,1,35
BeyondPod Podcast Manager,40,0.1124582652900175,0.5457182367896654,0.1034225,7,1,32
Bible,97,0.36349543739121704,0.5336252466987003,0.6215659793814433,7,9,81
Big Days - Events Countdown,36,0.28541372721928276,0.4996270576131687,0.4674361111111111,5,7,24
"BigOven Recipes, Meal Planner, Grocery List & More",40,0.3282224025974026,0.49978214060245313,0.61037,3,3,34
"BiggerCity: Chat for gay bears, chubs & chasers",40,0.21167546399141793,0.5781575964057872,0.41366500000000006,10,3,27
Bike Computer - GPS Cycling Tracker,39,0.28197840354090353,0.47691442816442814,0.3616641025641026,3,9,27
Binaural Beats Meditation,40,0.35351810515873017,0.5643201884920634,0.39237,4,7,29
Binaural Beats Therapy,39,0.2832687528520862,0.4587343135259802,0.474025641025641,3,8,28
BioLife Plasma Services,39,0.15480616605616607,0.4577038503824218,0.2484230769230769,9,6,24
Birdays – Birthday reminder,37,0.35544993857493856,0.5550068737568737,0.5478162162162162,1,3,33
Birds Sounds Ringtones & Wallpapers,37,0.3507882882882883,0.4158108108108108,0.4346297297297297,1,9,27
Black People Meet Singles Date,28,0.24934125871422946,0.5053452310676337,0.3240321428571429,4,5,19
Block Puzzle,154,0.035221354404960235,0.5367871126316935,0.38794025974025975,71,0,83
Block Puzzle Classic Legend !,72,0.15090698653198653,0.5360595538720538,0.37900555555555554,22,4,46
Blogaway for Android (Blogger),36,0.19725448933782266,0.3590662578162578,0.34526666666666667,4,13,19
Blogger,38,0.12512580694159642,0.5200550796321473,0.5079868421052631,6,1,31
Bloglovin',39,0.13395250871813372,0.46937849187849184,0.2708564102564103,7,13,19
Blood Donor,39,0.20522144852501994,0.36418214831905305,0.29511794871794866,2,11,26
Blood Pressure,39,0.44494301994301994,0.5866809116809117,0.4793282051282051,4,4,31
Blood Pressure Log - MyDiary,40,0.32505491150053645,0.5914018250499501,0.66796,3,2,35
Blood Pressure(BP) Diary,40,0.08768325424575425,0.355830704018204,0.08197499999999999,8,18,14
Bloomberg Professional,40,-0.023352723665223663,0.3632434613997114,0.009385000000000003,11,14,15
Bloomberg: Market & Financial News,40,0.054705447330447333,0.3379659090909091,0.12461249999999999,10,15,15
Blossom Blast Saga,36,0.005714461079044404,0.5138021835417669,0.46656388888888883,19,0,17
BluTV,25,0.28028073593073594,0.4214222943722944,0.26645599999999997,1,8,16
Blur Image Background,11,0.372717803030303,0.643939393939394,0.3529818181818182,1,2,8
Blur Image Background Editor (Blur Photo Editor),39,0.23310994560994563,0.530530303030303,0.2720333333333333,7,6,26
Booking.com Travel Deals,120,0.014176835317460314,0.4009321581196581,0.06638416666666667,27,39,54
Bowmasters,312,0.06141544934739928,0.5005483488208554,0.29128557692307694,119,24,169
Box,117,0.41000050875050875,0.43508648758648755,0.42676153846153847,12,24,81
Boxed Wholesale,40,0.28700849999248434,0.4857461067867318,0.4301425,4,6,30
Boys Photo Editor - Six Pack & Men's Suit,38,0.28350877192982454,0.4792982456140351,0.2291421052631579,5,10,23
Brain Waves - Binaural Beats,40,0.22173148899711398,0.5443468915343915,0.33884250000000005,5,3,32
Branch,40,0.26422979797979795,0.44464553386428385,0.4071175,8,4,28
Brasileirão Pro 2018 - Série A e B,40,0.5508720238095238,0.5441656746031747,0.46919000000000005,3,3,34
"Breaking News, Local news, Attacks and Alerts Free",27,0.21704599412932749,0.37713519333889706,0.3053962962962963,5,8,14
Brightest Flashlight Free ®,5,0.4925714285714286,0.5224523809523809,0.60534,0,0,5
Brightest LED Flashlight,16,0.3741989087301587,0.6228819444444444,0.41845625,1,2,13
Brilliant,28,0.2416548327664399,0.49085035301999586,0.4477142857142857,5,2,21
Brit + Co,16,0.12312466179653678,0.5189175234487734,0.16693125,2,4,10
British Airways,22,0.20510616367759224,0.3991548134405278,0.1234,5,4,13
Browser 4G,34,0.33708361185383245,0.4429032976827094,0.37367058823529414,1,10,23
Bualuang mBanking,34,0.004322019211725096,0.34824705387205385,-0.0018352941176470526,11,12,11
Bubble Shooter,145,0.2536763602776534,0.5156595926423513,0.4106165517241379,40,5,100
Bubble Shooter 2,11,0.28484848484848485,0.5234848484848486,0.3374727272727273,2,1,8
Bubble Shooter Genies,10,0.04798845598845597,0.529732683982684,0.49015000000000003,3,1,6
Bubble Shooter Space,24,0.18493055555555551,0.4974305555555556,0.34189583333333334,7,3,14
Bubble Witch 3 Saga,31,0.06538467779287191,0.5379182096492003,0.5510129032258064,11,1,19
Buienradar - weer,35,0.08678947292786578,0.4887794863866292,0.08475428571428571,10,5,20
Build a Bridge!,86,0.08835631019497298,0.5132795923161372,0.3083104651162791,27,9,50
Bukalapak - Jual Beli Online,31,0.009039564506154375,0.4232744828136533,-0.0967516129032258,15,2,14
BukuBayi - Perkembangan Bayi,26,0.31515734265734263,0.4660052447552448,0.4009807692307692,1,4,21
Burner - Free Phone Number,6,0.06530092592592592,0.6361111111111111,0.5956166666666667,1,0,5
Buscapé - Ofertas e descontos,3,0.4708333333333334,0.485978835978836,0.34990000000000004,0,1,2
Business Calendar 2,25,0.20114111302290014,0.46938575498575497,0.420872,4,3,18
Butterfly Live Wallpaper,28,0.390275974025974,0.503655303030303,0.5177785714285714,0,8,20
Buzz Launcher-Smart&Free Theme,36,0.20134484370347466,0.5776225692297121,0.3182,10,1,25
"BuzzFeed: News, Tasty, Quizzes",71,0.1992963335568969,0.4749871450927789,0.29280563380281693,8,16,47
"BÁO MỚI - Đọc Báo, Tin Tức 24h",34,0.10828208556149731,0.41728015448603684,0.07038823529411764,9,7,18
C Programming,35,0.2768000669964955,0.541011544011544,0.5118857142857143,3,0,32
C++ Programming,36,0.19645104943282027,0.5534449571775961,0.32234999999999997,10,2,24
C++ Tutorials,36,0.5309259259259259,0.5667438271604939,0.5145944444444445,0,4,32
CAIXA,34,-0.0890148438163144,0.4659153676622164,-0.25772647058823533,15,8,11
CALCU™ Stylish Calculator Free,38,0.3525981620718463,0.45346700083542185,0.4926868421052632,1,10,27
CATS: Crash Arena Turbo Stars,57,0.028953154691858055,0.500371594394243,0.3089421052631579,21,1,35
CBS News,1,0.0,0.0,0.4215,0,1,0
"CBS Sports App - Scores, News, Stats & Watch Live",192,0.16390708611411733,0.5124724732732545,0.25115312500000003,42,27,123
CBS Sports Fantasy,54,0.24850236370438392,0.488624757677788,0.26208148148148147,9,11,34
CDL Practice Test 2018 Edition,24,0.24112599206349206,0.477825176366843,0.4604166666666667,1,2,21
CIA - Caller ID & Call Blocker,14,0.21781462585034012,0.42982993197278907,0.32290714285714284,2,4,8
"CM Browser - Ad Blocker , Fast Download , Privacy",2,0.012500000000000011,0.6875,0.26170000000000004,1,0,1
"CM Flashlight (Compass, SOS)",4,0.55625,0.5946428571428571,0.5423250000000001,0,0,4
"CM Launcher 3D - Theme, Wallpapers, Efficient",18,0.2824789562289562,0.5911111111111111,0.39311666666666667,2,4,12
CM Locker - Security Lockscreen,86,0.24005452304247984,0.480303944163994,0.32081279069767443,15,15,56
CMB Free Dating App,71,0.2917571204040017,0.5421654119038425,0.4043056338028169,6,10,55
CNBC: Breaking Business News & Live Market Data,37,0.24770376373317549,0.47396788404141343,0.328027027027027,8,4,25
CNN Breaking US & World News,112,0.057347888966192535,0.5081744708841328,0.06376964285714286,41,6,65
COOKING MAMA Let's Cook!,36,0.21892208651137224,0.5058891112561748,0.4865333333333333,6,4,26
CVS Caremark,39,0.1919080225330225,0.42912333393102625,0.20782307692307692,6,10,23
CW Seed,36,0.3055693342151675,0.5177009847148736,0.4324694444444444,5,6,25
CWT To Go,38,0.28675125313283206,0.5318358395989975,0.3880078947368421,6,4,28
Cache Cleaner-DU Speed Booster (booster & cleaner),26,0.27852109695859695,0.4570770895770896,0.32235384615384616,2,8,16
Caf - Mon Compte,1,0.1,0.3038461538461539,0.0,0,0,1
"Calculator - free calculator, multi calculator app",4,-0.0375,0.15416666666666667,0.24214999999999998,1,2,1
Calculator - unit converter,1,0.1833333333333333,0.5333333333333333,0.7964,0,0,1
Calculator Plus Free,2,0.16666666666666666,0.6307142857142858,0.5999,0,0,2
Calculator with Percent (Free),2,0.03197278911564625,0.5638605442176872,0.39665,0,1,1
Calendar Widget Month + Agenda,2,0.15,0.25,0.16225000000000003,0,1,1
Calendar+ Schedule Planner App,1,0.3190705128205128,0.4697435897435896,0.9811,0,0,1
Call Blocker,3,0.02797258297258297,0.6554310966810967,0.17136666666666667,2,0,1
Call Control - Call Blocker,3,-0.041666666666666664,0.2916666666666667,-0.1394,1,2,0
Call of Duty:Black Ops Zombies,3,-0.16211950231481478,0.442716049382716,0.1950333333333333,3,0,0
"CallApp: Caller ID, Blocker & Phone Call Recorder",1,0.3907407407407408,0.5064814814814815,0.9666,0,0,1
Caller ID +,1,0.35,0.6000000000000001,-0.25,0,0,1
Calls & Text by Mo+,6,0.4666666666666666,0.5458333333333334,0.5224166666666666,0,1,5
Calls Blacklist - Call Blocker,3,0.12416233766233765,0.6151919191919192,0.1633333333333333,1,0,2
"Calm - Meditate, Sleep, Relax",65,0.2895242009211789,0.5233274820417678,0.5706676923076923,7,2,56
Calorie Counter & Diet Tracker,135,0.229177692374865,0.5049347109876211,0.5350155555555556,17,9,109
Calorie Counter - EasyFit free,37,0.3480287178805847,0.5369835099867568,0.6659837837837838,1,3,33
Calorie Counter - Macros,200,0.24751868247122885,0.5126753949820021,0.6500579999999999,20,6,174
Calorie Counter - MyFitnessPal,254,0.21652262369662179,0.474814114742441,0.3355141732283465,52,33,169
Calorie Counter - MyNetDiary,139,0.37584199559148174,0.5599666010020583,0.5757071942446044,4,15,120
Cameringo Lite. Filters Camera,9,0.7702690972222223,0.5333333333333333,0.5262,0,1,8
Candy Bomb,72,0.3274031986531986,0.6062394781144781,0.4737611111111111,4,6,62
"Candy Camera - selfie, beauty camera, photo editor",114,0.19527792017923598,0.5430153034100402,0.3139070175438597,24,17,73
Candy Crush Jelly Saga,73,-0.09233435751843284,0.4811245660731962,0.19357808219178083,44,8,21
Candy Crush Saga,240,0.03106786541005292,0.45629279100529097,0.4265175,126,12,102
Candy Crush Soda Saga,166,-0.057079365716447526,0.48132998930374143,0.23766807228915662,96,8,62
Candy Day,38,0.19246436403508768,0.4739181286549708,0.4637289473684211,6,6,26
Candy Pop Story,40,0.04241514756944442,0.47871180555555554,0.3878625,13,5,22
Candy Smash,40,0.1572673611111111,0.5162118055555556,0.43248,8,4,28
"Candy selfie - photo editor, live filter camera",33,0.37279761904761904,0.48031565656565656,0.3428090909090909,2,10,21
"Canva: Poster, banner, card maker & graphic design",38,0.20483956893496366,0.5360009824483508,0.5162868421052632,3,5,30
Canvas Student,4,0.12500000000000003,0.38749999999999996,0.08697499999999998,1,1,2
Cat Sim Online: Play with Cats,61,0.18089609339033005,0.5251869828714091,0.6346311475409836,14,2,45
Caviar - Food Delivery,39,0.21737478089040588,0.5137362637362637,0.3285948717948718,8,6,25
Chakra Cleansing,40,0.42473518668831167,0.5723406385281385,0.5535574999999999,1,4,35
Championat,40,0.19844806447410612,0.3673677799823633,0.21437499999999998,6,9,25
Chapters: Interactive Stories,38,0.14904506568386022,0.5032795723384645,0.5018263157894737,7,1,30
Chase Mobile,40,0.048165996701710984,0.488717625876108,0.1868075,16,1,23
"Chat Rooms, Avatars, Date - Galaxy",74,0.1380524855853803,0.42106441797231275,0.16067027027027025,16,12,46
ChatVideo Meet new people,37,0.23191982566982566,0.3930076342576343,0.2381405405405405,3,14,20
Cheap Flights & Hotels momondo,39,0.18377557627557628,0.46549228074869103,0.25073589743589747,7,8,24
Cheap hotel deals and discounts — Hotellook,39,0.2564173789173789,0.48700854700854695,0.18701538461538464,4,11,24
"CheapTickets – Hotels, Flights & Travel Deals",37,0.2941989422458173,0.5885373468706802,0.3677810810810811,6,4,27
Cheapflights – Flight Search,39,0.42191239316239315,0.5859340659340659,0.43989743589743585,4,7,28
CheckPoints 🏆 Rewards App,40,0.27638016323953823,0.5184227994227995,0.4271375,6,6,28
Checkers ✔️,36,0.06483468113676447,0.4405675805675806,0.3319861111111111,13,5,18
Checkout 51: Grocery coupons,26,0.13048614579864576,0.39518319643319644,0.2540269230769231,3,2,21
Choice Hotels,10,0.2987896825396825,0.7192063492063492,0.49469,2,1,7
Choices: Stories You Play,39,0.03367840233861161,0.52632837418782,0.5093487179487179,18,0,21
Christian Dating For Free App,76,0.09802603289938563,0.4786601830996281,0.37922894736842105,22,4,50
Chrome Beta,38,0.23162517246398823,0.3778816200855674,0.29424736842105265,4,12,22
Chrome Dev,39,0.333793360519551,0.5207789454813264,0.27015384615384613,6,8,25
Cinemark Theatres,40,0.07015540674603174,0.403097702991453,0.172085,10,10,20
Cisco Webex Meetings,39,0.10357702482702483,0.4623848528015195,0.3236769230769231,11,6,22
Cisco Webex Teams,40,0.1294181246993747,0.4597798821548822,0.2262025,14,8,18
Citi Mobile®,40,-0.03873065476190478,0.4984982638888889,-0.0833075,18,2,20
Citibanamex Movil,39,0.15006144781144778,0.5081359751359751,0.23965897435897437,9,6,24
Citizens Bank Mobile Banking,39,0.013179054741554742,0.49393451290772716,0.08759743589743589,19,2,18
CityMaps2Go Plan Trips Travel Guide Offline Maps,40,0.31709577922077925,0.5213652146464647,0.49144,4,4,32
Claro,40,-0.07208184523809524,0.4000099206349207,-0.12044250000000001,14,15,11
Clash Royale,165,0.06915710869708802,0.48923595085873556,0.4267418181818182,58,0,107
Clash of Clans,33,0.03675568156290556,0.5339562645447385,0.5776242424242424,10,0,23
Color Flashlight,11,0.17583333333333334,0.5264898989898991,0.008999999999999998,2,2,7
Color Road,37,-0.05935675703532847,0.45401725705297136,0.1907918918918919,22,1,14
Color Touch Effects,38,0.11572042084377611,0.44570958646616543,0.21682631578947367,8,11,19
Color by Number - Draw Sandbox Pixel Art,92,0.1395563554802685,0.47136153852186463,0.35113804347826083,17,20,55
Color by Number – New Coloring Book,37,0.16885633604383601,0.5402294533544533,0.6447972972972973,4,0,33
ColorFil - Adult Coloring Book,32,0.18612149019961519,0.5928430059523809,0.47044375,6,2,24
ColorNote Notepad Notes,131,0.27565456465959975,0.5111720565841794,0.6608984732824428,7,3,121
ColorSnap® Visualizer,39,0.02439102564102565,0.3499928774928775,-0.06859230769230769,12,14,13
Colorfit - Drawing & Coloring,38,0.1718359526825084,0.5727620177523428,0.5928894736842105,8,1,29
Colorful Glitter Neon Butterfly Keyboard Theme,32,0.20640625,0.5825074404761905,0.142046875,7,8,17
Colorfy: Coloring Book for Adults - Free,133,0.04678487879117243,0.6042470514179697,0.2548992481203008,45,7,81
Coloring & Learn,38,0.41382226874003186,0.6094258373205742,0.500428947368421,3,4,31
Coloring book moana,44,0.15265151515151515,0.641540404040404,0.20147727272727273,14,4,26
Comedy Central,80,0.17142376628681774,0.34690642241745184,0.2416725,12,26,42
Common Core,8,-0.008810779993815729,0.4599950718923933,0.3766625,4,0,4
Comptia A+ 220-901 & 220-902,29,0.5007922824302135,0.5598440065681445,0.39119310344827585,0,3,26
ConnectLine,38,0.13801162883082524,0.4503203268814171,0.24327105263157892,5,7,26
Contacts,38,0.012248710230089456,0.47213382638664597,0.22298684210526315,13,9,16
Contacts+,38,0.41081458319945163,0.4530827603196025,0.3918736842105263,1,10,27
Content Transfer,40,0.1630472817836099,0.3970588474025974,0.39993249999999997,9,9,22
ConvertPad - Unit Converter,40,0.22344972943722943,0.48779688251563247,0.345935,9,2,29
Cookbook Recipes,37,0.565437038093288,0.6426115401115401,0.5756648648648649,0,2,35
Cooking Channel,39,0.364018944018944,0.533577256077256,0.3930025641025641,4,6,29
Cooking Fever,135,-0.042331442605593655,0.47786459601464903,0.3729051851851852,79,1,55
Cooking Madness - A Chef's Restaurant Games,37,0.013550644982006574,0.5167562877384306,0.5583648648648649,17,0,20
Cookpad,36,0.2574367684784351,0.5483966650633317,0.4511944444444444,7,3,26
Cool Popular Ringtones 2018 🔥,36,0.20348488136574072,0.571494708994709,0.258775,10,2,24
Cool Reader,38,0.11584079160970608,0.4773699162679426,0.3003657894736842,11,3,24
Couch to 10K Running Trainer,40,0.33737879109977326,0.5205262651534973,0.63651,2,2,36
Couch to 5K by RunDouble,39,0.27732642225499365,0.4943462357748072,0.41455384615384616,4,7,28
Couchsurfing Travel App,39,0.24728937266437265,0.529696291362958,0.4650384615384615,6,4,29
Cougar Dating Life : Date Older Women Sugar Mummy,78,0.32457028157028156,0.5885129315129315,0.39451538461538466,16,6,56
Couple - Relationship App,23,0.30442296156254967,0.5813240288788535,0.8994086956521739,0,0,23
Credit Karma,35,0.2700516800659658,0.5196421459492888,0.6460057142857143,5,3,27
Credit Sesame,38,0.08866738579403051,0.3942038112959166,0.4713394736842105,10,7,21
CreditWise from Capital One,38,0.23945429387863595,0.5351311517429939,0.5113421052631579,7,3,28
Crew - Free Messaging and Scheduling,80,0.4173319523358586,0.5998381895881896,0.6113275,4,4,72
Cricbuzz - Live Cricket Scores & News,38,0.09701201393635603,0.5658186185159869,0.15284736842105265,11,1,26
Cricket Visual Voicemail,40,0.062002591819556106,0.4195424700960415,0.07609,16,4,20
Crossy Road,91,0.21585128145848675,0.5298473893553813,0.5291230769230769,12,12,67
Crunchyroll - Everything Anime,120,0.17751003336940835,0.44489962443310654,0.5921375,15,0,105
Current debit card and app made for teens,40,0.3272583733540765,0.4721886874699375,0.6194875,1,5,34
Curriculum vitae App CV Builder Free Resume Maker,38,0.3937034821903243,0.4980359041543252,0.4877447368421053,2,6,30
Curso de Ingles Gratis,37,0.49990240240240236,0.5302477477477477,0.5409756756756757,0,3,34
Cut the Rope 2,90,0.14827543557265777,0.5373204505371172,0.4256811111111111,19,7,64
Cut the Rope FULL FREE,28,0.013067753887269178,0.5702711808929921,0.46838928571428573,14,0,14
Cycling - Bike Tracker,25,0.3521468253968254,0.6174126984126984,0.437636,4,2,19
"Cymera Camera- Photo Editor, Filter,Collage,Layout",78,0.419417735042735,0.4619810744810745,0.42833846153846156,3,15,60
Czech Public Transport IDOS,28,0.2510749072356215,0.40281887755102047,0.37424285714285715,2,7,19
DC Comics,35,0.4924897443826015,0.6226421475350047,0.57552,1,1,33
DC Super Hero Girls™,102,0.33400902406417116,0.5733266488413546,0.5993882352941177,9,3,90
DEAD TARGET: FPS Zombie Apocalypse Survival Games,125,0.06681826118326117,0.4852570346320346,0.3614392,47,12,66
DEER HUNTER 2018,3,-0.3833333333333333,0.4333333333333333,-0.07456666666666666,3,0,0
DELISH KITCHEN - 無料レシピ動画で料理を楽しく・簡単に！,25,0.38727222222222224,0.4498888888888889,0.614132,0,4,21
DINO HUNTER: DEADLY SHORES,92,0.022312567688483907,0.5055597754758974,0.39647173913043476,38,2,52
DIY Garden Ideas,34,0.4440441176470588,0.6164950980392156,0.5303558823529412,2,4,28
DIY On A Budget,33,0.44806264074729985,0.5576276837640475,0.615569696969697,1,5,27
DMV Permit Practice Test 2018 Edition,34,0.29566032132549985,0.559805860222877,0.6323205882352941,2,2,30
DRAGON BALL LEGENDS,167,0.0995493397768312,0.5191072965821683,0.5486826347305389,39,1,127
DSLR Camera Hd Ultra Professional,38,0.0769517543859649,0.5042909356725146,0.06745526315789474,13,8,17
DStv Now,39,0.023143659003034004,0.5161311836311836,0.09314871794871794,14,3,22
DU Browser—Browse fast & fun,40,0.17726609823708034,0.5062402473518545,0.2608825,8,0,32
"DU Recorder – Screen Recorder, Video Editor, Live",58,0.22418691689058068,0.5246842190376673,0.4036137931034483,11,5,42
Daily Workouts - Exercise Fitness Routine Trainer,1,0.8,0.75,0.659,0,0,1
Daily Yoga - Yoga Fitness Plans,12,0.2570176467051467,0.5669227994227994,0.5734416666666667,2,0,10
"Dailyhunt (Newshunt) - Latest News, Viral Videos",4,-0.06614583333333332,0.5541666666666667,0.013374999999999998,3,0,1
Dairy Queen,3,0.1894097222222222,0.37438271604938267,0.5386000000000001,0,1,2
Daniel Tiger for Parents,3,0.2796296296296296,0.5090388007054674,0.8919333333333332,0,0,3
DashClock Widget,1,0.0333333333333333,0.419047619047619,-0.5256,0,0,1
Dashlane Free Password Manager,2,0.1707539682539683,0.5442857142857143,0.62965,1,0,1
"Dating App, Flirt & Chat : W-Match",6,0.3016666666666667,0.43555555555555564,0.017433333333333318,0,4,2
Dating for 50 plus Mature Singles – FINALLY,7,0.3325396825396825,0.5087301587301588,0.4436285714285714,0,2,5
Daum Mail - 다음 메일,5,0.266,0.36542857142857144,0.40553999999999996,0,2,3
Davis's Drug Guide,3,-0.10000000000000002,0.5333333333333333,0.09396666666666666,1,1,1
Davis's Drug Guide for Nurses,3,0.3148148148148148,0.4259259259259259,0.5714666666666667,0,1,2
Debonairs Pizza,6,0.0465277777777778,0.6054166666666667,0.39840000000000003,2,1,3
"Delivery Club–Доставка еды:пицца,суши,бургер,салат",24,0.0757676568223443,0.3401594932844933,-0.1094,6,8,10
Delta Dental,40,-0.08418477182539683,0.3259047619047619,-0.01902249999999999,20,11,9
Despegar.com Hoteles y Vuelos,39,0.26372964997965,0.47689763939763946,0.14612564102564102,6,11,22
Detector de Radares Gratis,31,0.42858539310152216,0.5178780896522832,0.3554322580645161,2,6,23
Device Help,37,0.09639573827073826,0.3562866225366225,0.23745945945945945,8,9,20
Diabetes & Diet Tracker,74,0.36362731075231075,0.5684691607191606,0.6313972972972973,4,4,66
Diabetes:M,39,0.3179679035352112,0.5219833001756079,0.5353743589743589,2,4,33
Diamond Zipper Lock Screen,34,0.15973039215686274,0.6061519607843138,0.21820294117647057,8,6,20
Diary with lock,99,0.2837633405132804,0.568277521195691,0.6751696969696971,10,2,87
Diary with lock password,52,0.29226684227776883,0.509655793410164,0.4565326923076923,7,7,38
Dictionary - Merriam-Webster,8,0.23873106060606059,0.46232112794612795,0.4016375,2,0,6
Die TK-App – alles im Griff,27,0.16437022339800117,0.5273030570252792,0.22188888888888889,5,6,16
Digg,33,0.042700314836678466,0.5073774104683195,0.2189060606060606,13,2,18
DigiCal Calendar Agenda,23,0.1682127041637911,0.5067420059811364,0.44424782608695657,5,2,16
Digit Save Money Automatically,56,0.250246308750773,0.4027419926303855,0.6339928571428571,2,13,41
Digital Alarm Clock,71,0.34107329093987326,0.480794760360488,0.4044323943661972,5,7,59
Dil Mil,34,-0.06348243861938717,0.4265464094728801,0.08015882352941178,11,10,13
Dino War: Rise of Beasts,27,0.059137009742168456,0.45208500824572256,0.2554222222222222,6,5,16
Dinosaur Simulator: Dino World,13,-0.01314102564102564,0.40544871794871795,0.05393846153846154,6,2,5
Discover Mobile,1,-0.0416666666666666,0.5277777777777778,0.2239,1,0,0
Disney Heroes: Battle Mode,2,-0.005000000000000001,0.35833333333333334,0.57035,1,0,1
Disney Magic Kingdoms: Build Your Own Magical Park,47,0.08702965526958688,0.4842235681407414,0.37624255319148936,16,0,31
DisneyNOW – TV Shows & Games,63,0.2039919593979968,0.5351162186054476,0.4198349206349206,10,4,49
Divar,37,0.18834069067327994,0.48675561461275746,0.08027837837837838,9,9,19
Do It Later: Tasks & To-Dos,34,0.1682022607022607,0.3273473530826472,0.2964264705882353,5,10,19
Docs To Go™ Free Office Suite,72,0.20629078483245147,0.4105713383838384,0.31597777777777775,11,15,46
Doctor On Demand,36,0.38842992173721336,0.5533802655677655,0.5265,2,6,28
Doctor Pets,32,0.16880208333333332,0.5141666666666667,0.497240625,9,5,18
Dog Licks Screen Wallpaper,34,0.22525030371997284,0.5277725905176885,0.36057647058823533,5,9,20
Dog Run - Pet Dog Simulator,73,0.13709855403348553,0.5067884322678843,0.5052493150684931,13,4,56
Dog Sim Online: Raise a Family,4,0.17529423701298708,0.5895535714285715,0.53295,2,0,2
Domino's Pizza USA,53,0.20907864159338213,0.5032287457102147,0.5854452830188679,11,2,40
Dominos Game ✔️,39,0.023215534465534458,0.3329251304251304,0.11522564102564103,13,12,14
"Domofond Недвижимость. Купить, снять квартиру.",38,0.1653419314603525,0.4463181117128485,0.22402631578947368,7,10,21
Doodle Jump,90,0.11363000290604457,0.5181851050184384,0.32530000000000003,25,9,56
Door Lock Screen,39,0.5166216422466423,0.6068617724867725,0.424748717948718,0,7,32
DoorDash - Food Delivery,40,0.07240710302429051,0.44422497723837007,0.061845,13,3,24
Dosecast - Medication Reminder,38,0.29914956069150145,0.5237338374344954,0.4619052631578947,3,1,34
Down Dog: Great Yoga Anywhere,40,0.2918472637721826,0.5268369912690124,0.82445,0,0,40
Dr. Oetker Rezeptideen,36,0.3120252976190476,0.48947486772486776,0.3935333333333333,5,11,20
Dr. Panda & Toto's Treehouse,72,0.180236682925485,0.5326722544430877,0.643738888888889,12,4,56
Dr. Panda Restaurant 3,34,-0.09746777119938886,0.5161196258806553,0.14950882352941175,15,2,17
Dr. Panda Town: Vacation,35,0.09280715004396645,0.4862867192331478,0.38722,10,2,23
DraftKings - Daily Fantasy Sports,36,0.3123335537918871,0.5213883377425044,0.4891111111111111,6,3,27
Dragon Hills,15,0.040340518278018246,0.5521841287019859,0.65178,5,0,10
Draw A Stickman,1,-0.15,0.4,0.0,1,0,0
Draw In,1,-0.1341666666666666,0.5825,0.8189,1,0,0
Draw Your Game,2,-0.6684895833333333,0.6833333333333333,-0.6437999999999999,2,0,0
Draw a Stickman: EPIC 2,1,0.0999999999999999,0.5416666666666666,0.8519,0,0,1
Drawing for Kids Learning Games for Toddlers age 3,1,0.3866666666666666,0.5466666666666667,0.8807,0,0,1
Dream League Soccer 2018,3,-0.0005180776014110008,0.483123897707231,0.30383333333333334,1,0,2
DreamTrips,34,0.3712767777565572,0.43856872294372296,0.33700294117647056,6,7,21
DreamWorks Friends,66,-0.0017880828486889144,0.47637230894806654,0.1335,20,22,24
Dresses Ideas & Fashions +3000,29,0.4306034482758621,0.5574667031563583,0.41758965517241375,1,5,23
Droid Zap by Motorola,40,-0.04053738275613276,0.4383898011710512,0.0516375,16,9,15
DroidAdmin for Android - Advice,39,0.12617521367521367,0.5074501424501425,0.09794358974358976,12,10,17
Dropbox,76,0.23633052505790994,0.4436356041619199,0.29951315789473687,8,22,46
Drugs.com Medication Guide,39,0.24735357887601475,0.49059276786840894,0.4572615384615385,3,4,32
Dude Perfect 2,84,0.1169023559743807,0.5357966279447627,0.5891642857142857,22,5,57
Dumb Ways to Die 2: The Games,37,0.027208249239499233,0.4694232381732382,0.11664324324324325,13,4,20
Dungeon Hunter Champions: Epic Online Action RPG,40,-0.034255807849557854,0.48827825167557315,0.2820675,14,4,22
Dunkin' Donuts,38,0.1965599297808238,0.47051000630182965,0.4940394736842105,3,3,32
Duolingo: Learn Languages Free,240,0.20040773809523807,0.4702147530324614,0.6846904166666667,34,6,200
DuraSpeed,37,-0.03404401154401155,0.39668705168705165,0.1232081081081081,11,13,13
E*TRADE Mobile,32,0.15327341401364838,0.49361037978225475,0.061149999999999996,7,3,22
"Easy - taxi, car, ridesharing",46,0.2973105276366146,0.45180147750799926,0.31000217391304347,5,13,28
Easy Hair Style Design,30,0.4902037037037037,0.554462962962963,0.42610333333333333,1,6,23
Easy Healthy Recipes,29,0.445762473876698,0.5893495297805643,0.5891310344827587,0,4,25
Easy Installer - Apps On SD,39,-0.009110334110334113,0.3106934731934732,-0.003046153846153842,8,23,8
Easy Makeup Tutorials,36,0.2819713754609588,0.42436317540484203,0.2507972222222222,4,11,21
Easy Origami Ideas,34,0.09945261437908497,0.5367647058823529,0.0845264705882353,11,6,17
Easy Recipes,40,0.27053819444444444,0.5101388888888889,0.3789975,5,12,23
Easy Voice Recorder,39,0.4358370518370518,0.5656775421363334,0.6422102564102564,0,3,36
EasyBib: Citation Generator,38,0.07183166248955723,0.3912238930659983,0.146,10,13,15
Eat Fit - Diet and Health Free,90,0.2450441468253968,0.5294246031746032,0.2745388888888889,21,14,55
Eat24 Food Delivery & Takeout,40,0.1716105214230214,0.5470710770710772,0.24553250000000001,8,7,25
EatStreet Food Delivery App,37,0.3832653026403026,0.5136076011076011,0.5952324324324325,0,6,31
"Ebates: Cash Back, Coupons, Rewards & Savings",38,0.22538709463051565,0.41552014505961876,0.4234210526315789,5,7,26
Ebook Reader,39,0.34253248776686274,0.5815682157348824,0.5118641025641025,4,3,32
Ecobank Mobile Banking,39,-0.014860031943365276,0.5415730180313514,-0.06477179487179487,19,3,17
Edmodo,35,0.40415553494124923,0.44355813234384667,0.3967714285714286,1,7,27
Educational Games 4 Kids,38,0.1943595257082099,0.4732344117870434,0.37716578947368423,9,3,26
Educational Games for Kids,36,0.3065564373897707,0.5136640211640212,0.5184361111111111,2,4,30
El tiempo de AEMET,14,0.18751404349618636,0.2754370232941662,0.2188857142857143,0,6,8
English with Lingualeo,8,0.13516865079365076,0.3522718253968254,0.3427,1,3,4
English-Myanmar Dictionary,38,0.3935134237107921,0.40219265018607125,0.43410789473684214,1,7,30
Entel,39,0.018577117327117344,0.33131373256373253,0.04330256410256411,13,16,10
Enterprise Rent-A-Car,39,0.2556781798448465,0.5988954872288206,0.5130641025641025,5,3,31
Episode - Choose Your Story,160,0.08027377437170963,0.4811471465662314,0.3553975,48,18,94
Epocrates Plus,40,0.299594696969697,0.5152561327561328,0.39391,6,5,29
Equestria Girls,74,0.04380837742165866,0.550960435543769,0.4773081081081081,30,2,42
Essential Anatomy 3,80,0.2255163032858345,0.5223282227032227,0.5547075,10,0,70
Essential Resources,40,0.28141962312860747,0.48453513558201056,0.47543499999999994,5,4,31
Etsy: Handmade & Vintage Goods,78,0.3054831433998101,0.5440019228160253,0.3872871794871795,12,8,58
Etta Homes,39,0.34462250712250714,0.49577991452991454,0.5442871794871795,3,7,29
Eurosport,38,0.04904455741626794,0.4273702722715881,-0.08349473684210525,13,9,16
"Eve Period Tracker - Love, Sex & Relationships App",26,0.5050367080835831,0.501774753024753,0.6998769230769231,0,2,24
"Even - organize your money, get paid early",14,0.2839285714285714,0.4627380952380952,0.40177857142857143,1,4,9
"Evernote – Organizer, Planner for Notes & Memos",78,0.08409023930833825,0.5222918902085569,0.07442179487179487,25,0,53
Evie Launcher,32,0.27792823212907847,0.48739135996622973,0.743053125,2,0,30
ExDialer - Dialer & Contacts,29,0.2713527987019366,0.49568862814039333,0.3734137931034483,5,2,22
"Expedia Hotels, Flights & Car Rental Travel Deals",128,0.09299215649801587,0.5015541294642857,0.11039921875,55,15,58
Expense IQ Money Manager,31,0.22750618948703624,0.44198430929882543,0.6272451612903226,1,3,27
Experian - Free Credit Report,23,0.1705043708304578,0.5278456406717276,0.4285869565217391,6,2,15
Extreme Car Driving Simulator,2,-0.07361111111111115,0.4527777777777777,0.0039000000000000146,1,0,1
Extreme Coupon Finder,14,0.07121421485260769,0.5617181594860167,0.1890214285714286,4,2,8
Extreme Match,84,0.19446454876142374,0.46685135080968415,0.43567261904761906,18,9,57
Extreme Racing 2 - Real driving RC cars game!,36,0.02366732804232804,0.4190608465608465,0.030927777777777776,13,8,15
EyeCloud,39,0.11717855447022113,0.3554406601628824,0.18423846153846155,4,14,21
EyeEm - Camera & Photo Filter,37,0.3380653936903937,0.586203964953965,0.4909162162162162,7,6,24
EzCalculator,38,0.37776996943115365,0.5213414947625473,0.4506315789473684,4,4,30
FBReader: Favorite Book Reader,39,0.2777048112144266,0.4724487336025797,0.35764358974358973,6,5,28
FERZU - Furries Social Network,39,0.08186532214817471,0.4869399930553776,0.13627179487179486,12,2,25
"FIFA - Tournaments, Soccer News & Live Scores",78,0.06825822325822326,0.44277674486007823,0.17123846153846153,20,18,40
FINAL FANTASY BRAVE EXVIUS,38,0.07081548550701007,0.5314801504552734,0.5472921052631579,11,0,27
FOSSIL Q: DESIGN YOUR DIAL,33,0.2397669880624426,0.33451561065197427,0.2686181818181818,1,16,16
FOX,78,0.21398402523402524,0.4584032017365351,0.14250000000000002,22,12,44
FOX NOW - On Demand & Live TV,110,0.04809023630759121,0.49202284566083265,0.00044272727272726635,40,12,58
"FOX Sports: Live Streaming, Scores & News",33,0.3132563003775125,0.520679012345679,0.3561484848484849,5,6,22
FREEDOME VPN Unlimited anonymous Wifi Security,11,0.31363636363636366,0.3477272727272727,0.28607272727272726,0,6,5
"FUN Keyboard – Emoji Keyboard, Sticker,Theme & GIF",12,0.25675,0.34328703703703706,0.41483333333333333,0,5,7
"Fabulous: Motivate Me! Meditate, Relax, Sleep",40,0.19199594209527243,0.5265805589912732,0.553715,6,3,31
"Face Filter, Selfie Editor - Sweet Camera",17,0.19428104575163396,0.5888655462184874,0.2206823529411765,3,4,10
Facebook,132,-0.007002902024896398,0.46020734988097733,-0.12604015151515152,60,19,53
Facebook Ads Manager,35,0.20340053597196453,0.31926272933415795,0.19902285714285714,5,13,17
Facebook Lite,29,-0.0009910877556351672,0.4561272204806687,0.01522068965517242,14,3,12
Facebook Local,35,0.1336416983933725,0.44045936404864977,0.13883142857142858,10,5,20
Facebook Pages Manager,34,-0.061082728545963846,0.44085285629403276,-0.0041735294117647035,12,12,10
Facetune - Ad Free,42,0.4320605655682186,0.5606183269363542,0.5253119047619047,5,4,33
Fake Call - Fake Caller ID,67,0.2977941730740238,0.4860976502767548,0.4221194029850746,8,14,45
Fallout Shelter,32,0.17023214882331378,0.5136060292384971,0.93364375,4,1,27
Family Album Mitene: Private Photo & Video Sharing,39,0.4325875840980008,0.6301165809499143,0.6298179487179487,2,4,33
Family Dollar,35,0.24816588074623788,0.4460639301175015,0.3128542857142857,9,5,21
Family GPS Tracker and Chat + Baby Monitor Online,37,0.4174351136851137,0.5475182325182325,0.48394054054054053,2,7,28
Family GPS tracker KidControl + GPS by SMS Locator,32,0.21120309658151454,0.5171229125330687,0.226075,6,4,22
Family Locator - GPS Tracker,115,0.35857535238513494,0.5448769579856536,0.43193478260869567,7,13,95
FamilySearch Tree,30,0.20932583022687187,0.43582595799262464,0.39261666666666667,4,5,21
FanDuel: Daily Fantasy Sports,11,0.28708349731077004,0.4659878000787092,0.5545363636363636,1,2,8
Fancy Widgets,16,0.2142135145323051,0.5463555010574592,0.5642125,3,0,13
Fandango Movies - Times + Tickets,66,0.14260188855156386,0.5183011234796949,0.28955000000000003,15,4,47
Fantasy Football,69,0.0625806329338938,0.41102149863019427,0.06884927536231883,21,17,31
Fantasy Football & NFL News,34,0.4212411580793934,0.5673918102594574,0.6026411764705882,2,3,29
Fantasy Football Manager (FPL),34,0.29987097869450813,0.5221638655462185,0.40961176470588234,3,7,24
Farm Fruit Pop: Party Time,31,0.16502772177419353,0.47051459293394776,0.39353870967741933,6,6,19
Farm Heroes Saga,110,-0.011810531860815964,0.44443435327298964,0.22935727272727272,43,21,46
Farming Simulator 14,17,0.05812792225476048,0.48741907874260815,0.7026529411764706,6,0,11
Farming Simulator 18,39,0.06446713240463238,0.49332987151737157,0.550574358974359,13,2,24
Fashion in Vogue,113,0.05532565701260391,0.34800007023458346,0.14679734513274337,32,35,46
Fast News,39,0.3463034188034188,0.6042012617012618,0.31153846153846154,7,4,28
Fast Scanner : Free PDF Scan,74,0.3130631605631605,0.4279001891501892,0.5447648648648649,1,15,58
Fast Secure VPN,71,0.1791001133060992,0.41854095315035955,0.2484492957746479,11,23,37
"FastMeet: Chat, Dating, Love",75,0.3441734006734007,0.5173434343434344,0.312848,8,13,54
Fat Burning Workout - Home Weight lose,36,0.17526900953984287,0.5471371452621452,0.22322777777777775,11,1,24
Fate/Grand Order (English),20,0.06088093070124321,0.5285510635198135,0.506785,9,0,11
FidMe Loyalty Cards & Deals at Grocery Supermarket,11,0.22026761117670207,0.4141676505312869,0.35296363636363637,2,3,6
File Browser by Astro (File Manager),12,0.11199179292929291,0.45269949494949496,0.2661833333333333,3,2,7
File Explorer,23,0.25958281573498965,0.456304347826087,0.35016956521739134,3,6,14
File Manager,11,0.06183281680440773,0.31330004591368227,0.16852727272727272,3,5,3
File Manager -- Take Command of Your Files Easily,22,0.21464646464646464,0.3605555555555556,0.23972727272727273,1,11,10
Files Go by Google: Free up space on your phone,34,0.13068233101321336,0.5235522935864323,0.5550294117647059,9,0,25
FilterGrid - Cam&Photo Editor,35,0.09263994537208824,0.529429069607641,0.14670857142857144,9,4,22
Filters for B Live,30,0.16801767676767676,0.39555555555555555,0.22072666666666668,4,13,13
Filters for Selfie,63,0.09912037037037036,0.5278946208112875,0.15336666666666668,16,16,31
Final Fantasy XV: A New Empire,32,-0.023527279180463653,0.511339249742269,0.365925,17,2,13
Financial Times,30,0.18463979076479073,0.4657510221260221,0.28665,4,6,20
Find Dining Restaurant Finder,7,0.3394679300291545,0.4775996112730807,0.6315428571428571,1,0,6
Find a Way: Addictive Puzzle,30,0.0696302333854417,0.5850889989639989,0.6059966666666666,10,1,19
Find&Save - Local Shopping,31,0.09095987726263012,0.38212278881815626,0.32386129032258065,7,4,20
FindShip,34,0.10044897504456328,0.41144872692666806,0.21621176470588235,9,7,18
Firefox Browser fast & private,62,0.11014201898945648,0.5187862517847506,0.3943709677419355,17,0,45
Firefox Focus: The privacy browser,64,0.2092485894097222,0.5538280971777065,0.4630671875,4,6,54
Fishdom,123,0.0595148493038343,0.5635105308518095,0.5809951219512195,42,0,81
Fitbit,6,0.24555465367965365,0.5822820466570467,0.07250000000000001,1,0,5
Flashlight,35,0.4054000850340136,0.6072482993197279,0.3646342857142857,3,4,28
Flashlight & LED Torch,25,0.24973333333333333,0.2581777777777778,0.20806000000000002,0,15,10
Flashlight - Torch LED Light,30,0.4045251322751323,0.5391269841269841,0.37888333333333335,2,7,21
Flashlight HD LED,29,0.4522039981091705,0.6406517141861969,0.44749999999999995,1,1,27
Flickr,64,0.17743249083092832,0.4359923749572187,0.3121234375,19,10,35
Flight & Hotel Booking App - ixigo,33,0.341024531024531,0.5210594035594036,0.3163393939393939,6,6,21
Flightradar24 Flight Tracker,32,0.19662472943722942,0.47700787906703085,0.31925312499999997,2,4,26
Flights,26,0.140565164002664,0.4000104062604063,0.05796153846153847,3,8,15
Flip the Gun - Simulator Game,26,-0.008393065268065292,0.47298784548784545,0.1269730769230769,12,0,14
FlipaClip - Cartoon animation,4,0.41264880952380956,0.6792261904761905,0.911825,0,0,4
Flipboard: News For Our Time,13,0.38586500305250304,0.4338217338217338,0.3401,0,3,10
Flipkart Online Shopping App,28,0.2915263605442177,0.47886228850514573,0.27766785714285713,4,5,19
Flipp - Weekly Shopping,31,0.3236720779220779,0.5630284751091202,0.5928516129032257,2,0,29
Flippy Campus - Buy & sell on campus at a discount,34,0.39528393175452,0.49248472116119174,0.4803588235294118,0,8,26
FlirtChat - ♥Free Dating/Flirting App♥,70,0.4209925788497217,0.5106957328385899,0.3025871428571429,2,17,51
Floor Plan Creator,37,0.26461547586547585,0.4655839280839281,0.5550054054054054,3,8,26
Flow Free,154,0.07076862709337588,0.5201833408656908,0.6611863636363636,49,4,101
Flowers Live Wallpaper,33,0.20517906336088154,0.5650367309458219,0.25164848484848484,4,8,21
Fly Delta,71,0.14325237137108363,0.4622601174814454,0.2875338028169014,10,14,47
FollowMyHealth®,38,0.18942767109847486,0.48177970677624415,0.5237026315789474,6,0,32
Font Studio- Photo Texts Image,34,0.08145920868347338,0.5220456932773109,0.20623823529411767,10,1,23
Food Calorie Calculator,41,0.09797280294231513,0.44987611304684477,0.051512195121951224,8,17,16
Food Network,71,0.028354857681442188,0.4370341493404874,0.05387746478873239,24,16,31
Fooducate Healthy Weight Loss & Calorie Counter,37,0.35421692335820487,0.4977620327410244,0.5649567567567568,2,5,30
"Foot Mercato : transferts, résultats, news, live",36,0.3616373456790123,0.47413271604938273,0.3329416666666667,3,7,26
Football Live Scores,34,0.4050258891435362,0.5309547152194212,0.531514705882353,2,4,28
ForecaWeather,38,0.36090676501860713,0.5093346291866029,0.3252763157894737,5,4,29
Fortune City - A Finance App,48,0.26696618341149586,0.45879702280743945,0.5926875,4,3,41
Four In A Line,61,0.27484875723092933,0.5493170399727777,0.5315163934426229,6,6,49
Four In A Line Free,27,0.20236801881246325,0.4853270474381585,0.3389370370370371,4,5,18
Foursquare City Guide,28,0.20027867965367965,0.42221578025149453,0.2613785714285714,6,7,15
Foursquare Swarm: Check In,29,-0.06233983927949446,0.4214936131192289,0.06489310344827587,12,8,9
Fox Business,34,0.08882674106938812,0.5015917069042068,0.18050000000000002,9,3,22
"Fox News – Breaking News, Live Video & News Alerts",105,0.021842715966092576,0.5029876189226838,-0.17384952380952381,42,8,55
Fraction Calculator Plus Free,31,0.37264092538286087,0.5620348647768003,0.5060290322580645,5,2,24
Free & Premium VPN - FinchVPN,31,0.2176688508884801,0.477772631395398,0.47863870967741934,3,7,21
Free Dating & Flirt Chat - Choice of Love,35,0.032965367965367955,0.36135281385281387,0.04138571428571429,11,14,10
Free Dating App & Flirt Chat - Cheers,32,0.3019262941919192,0.47738162878787876,0.289928125,4,10,18
Free Dating App & Flirt Chat - Match with Singles,33,0.33969696969696966,0.5836531986531986,0.24763939393939394,6,6,21
Free Dating App - Meet Local Singles - Flirt Chat,67,-0.050325832956429964,0.559581583424867,-0.13113283582089552,31,9,27
"Free Dating App - YoCutie - Flirt, Chat & Meet",59,0.11783620099298064,0.44732448577787565,0.21123050847457628,9,14,36
Free Dating Hook Up Messenger,64,0.14728845283112993,0.5223361741189635,0.386278125,12,9,43
Free Foreclosure Real Estate Search by USHUD.com,37,-0.03836728574277404,0.4402344652344652,-0.021318918918918916,14,9,14
Free Hypnosis,15,0.27579490295815295,0.49427512650312644,0.6223466666666667,1,0,14
Free Live Talk-Video Call,1,-0.1,0.1,0.0,1,0,0
Free Panda Radio Music,6,0.25,0.26666666666666666,0.20481666666666667,0,3,3
Free Sports TV,27,0.16731858265191596,0.5141263962375073,0.279825925925926,7,4,16
"Free TV Shows App:News, TV Series, Episode, Movies",37,0.2715553215553216,0.5907247425997426,0.5166297297297298,5,4,28
Free VIN Report for Used Cars,35,0.30857474747474745,0.49431821273964127,0.5276914285714286,3,6,26
Free live weather on screen,38,0.3942586105415053,0.5197159565580618,0.47197631578947363,2,7,29
"Free phone calls, free texting SMS on free number",36,0.22960420173961837,0.5231201565923789,0.4554416666666667,7,4,25
FreePrints – Free Photos Delivered,36,0.4461811075370103,0.6266804152637486,0.7374222222222222,2,1,33
Freeletics: Personal Trainer & Fitness Workouts,32,0.2742506820436508,0.46370628720238094,0.227034375,1,11,20
Freeme Launcher—Stylish Theme,35,0.3185,0.47637755102040824,0.3053828571428571,5,8,22
Fresh EBT - Food Stamp Balance,34,0.15972740535608182,0.4247380315762669,0.3524764705882353,7,6,21
FreshBooks Classic,77,0.10052989270057915,0.47211790185352337,0.26267402597402595,20,16,41
Frontback - Social Photos,36,0.20709648569023567,0.46163720538720543,0.10308611111111111,8,7,21
Frozen Free Fall,60,0.06010569985569984,0.5061268037518037,0.37862666666666667,25,6,29
Fruit Block - Puzzle Legend,1,-0.1833333333333333,0.3777777777777777,-0.6597,1,0,0
Fruit Ninja®,31,0.15479454685099844,0.49328917050691246,0.3124096774193548,6,3,22
Fruits Bomb,79,0.20532335280753003,0.5306104619712214,0.4095189873417721,12,8,59
Fuelio: Gas log & costs,88,0.4408648682441296,0.5316347888222889,0.5189818181818182,3,12,73
Full Screen Caller ID,31,0.34557612414467254,0.47666177908113394,0.3216516129032258,1,9,21
Fun Kid Racing,33,0.26973829201101923,0.5245821854912764,0.361869696969697,4,5,24
Fun Kid Racing - Motocross,30,0.19079545454545455,0.5135774410774411,0.36845666666666665,6,3,21
Funny Alarm Clock Ringtones,27,0.10838064006466784,0.5961899862825789,0.09532962962962961,10,0,17
Funny Pics,15,0.15368272005772005,0.5721806553235125,0.5470533333333333,1,1,13
Fuzzy Seasons: Animal Forest,14,0.16893322575242212,0.5792567683639112,0.8079214285714286,3,0,11
G Cloud Backup,29,0.28419198139025725,0.5738897851828887,0.505551724137931,4,1,24
GANMA! - オリジナル漫画が全話無料で読み放題,31,0.2916704576785222,0.47509063964709125,0.3872709677419355,2,7,22
"GCash - Buy Load, Pay Bills, Send Money",33,0.027082440851972103,0.3834686147186147,0.11341818181818182,8,15,10
GMAT Math Flashcards,36,0.41273599712401793,0.5496980218855219,0.44832500000000003,1,1,34
GMAT Question Bank,34,0.26889992360580595,0.4698832866479925,0.2776205882352941,4,6,24
GMX Mail,30,0.3400470779220779,0.5407398018648019,0.40829,3,4,23
"GO Keyboard - Cute Emojis, Themes and GIFs",29,0.2239008620689655,0.31061302681992337,0.3206931034482759,1,13,15
"GO Keyboard - Emoticon keyboard, Free Theme, GIF",33,0.3074404215313306,0.502509237395601,0.25235454545454544,4,9,20
GO Notifier,34,0.06751958927510397,0.4230678104575163,0.35504117647058825,8,5,21
"GO SMS Pro - Messenger, Free Themes, Emoji",26,0.2024882756132756,0.4398316960816961,0.3336807692307693,4,9,13
"GO Weather - Widget, Theme, Wallpaper, Efficient",22,0.3334000273124918,0.43870310245310246,0.25525454545454546,4,4,14
GPS Map Free,1,0.7,0.6000000000000001,0.4404,0,0,1
GPS Speedometer and Odometer,4,0.6875,0.6541666666666667,0.62925,0,0,4
"GPS Speedometer, Distance Meter",32,0.3688950892857143,0.6011644345238095,0.36930625,5,3,24
GPS Status & Toolbox,35,0.3980736961451247,0.4026825396825397,0.3982,3,6,26
GPS Traffic Speedcam Route Planner by ViaMichelin,36,0.2724778825671683,0.46424505829267737,0.21891944444444444,6,5,25
GRE Flashcards,36,0.26205528749799584,0.5237899831649832,0.6117750000000001,4,4,28
GRE Prep & Practice by Magoosh,36,0.38801571268237933,0.4839062850729518,0.48300277777777784,1,7,28
GRE Tutor,39,0.4086946386946387,0.5681086043586043,0.5420076923076923,2,5,32
GS SHOP,38,0.2391812865497076,0.3475877192982456,0.36699473684210526,2,15,21
GUNSHIP BATTLE: Helicopter 3D,34,0.02222591795753969,0.45793083900226755,0.19547941176470587,11,5,18
Galactic Core Free Wallpaper,36,0.24756756810576253,0.6578138425360648,0.5662138888888889,5,1,30
Galaxy Attack: Alien Shooter,134,0.07728975087930309,0.4665821806717329,0.4461820895522388,43,8,83
Game of Thrones: Conquest™,9,0.1988888888888889,0.44722222222222224,0.3444888888888889,2,1,6
"Gametime - Tickets to Sports, Concerts, Theater",37,0.3797400972400972,0.5702181577181578,0.5655486486486486,2,2,33
Garden Coloring Book,90,0.2684828944203944,0.5234474150677855,0.5219744444444444,10,16,64
Garden Fruit Legend,39,0.24278846153846154,0.5757478632478632,0.5073948717948717,8,2,29
Garden Photo Frames - Garden Photo Editor,39,0.34213675213675215,0.4937179487179488,0.28313589743589745,4,10,25
Gardenscapes,133,0.019585137969696343,0.5014648140223873,0.5255593984962406,63,0,70
Garena Free Fire,222,0.071157869556908,0.4941331211427365,0.28706846846846845,81,5,136
Garmin Connect™,40,0.15480992965367965,0.4854234758297259,0.2494825,9,4,27
GasBuddy: Find Cheap Gas,40,0.2726742875180375,0.5009855994699745,0.3406075,7,4,29
Gay Sugar Daddy Dating & Hookup – Sudy Gay,78,0.20086835232668565,0.6372210351377018,0.3052205128205128,16,12,50
Gboard - the Google Keyboard,76,0.0645865156103643,0.5171716244977523,0.27699736842105266,34,2,40
Gems or jewels ?,39,0.14020820036445036,0.43863784363784364,0.45738205128205134,8,9,22
Genius Scan - PDF Scanner,13,0.24316067612942613,0.5183336855452241,0.6490153846153847,1,1,11
Gmail,64,0.07138310185185184,0.4659200872189153,0.099121875,22,9,33
GoBank,39,0.039100828396805405,0.5303020581933049,0.10667179487179486,16,4,19
GoPro (formerly Capture),39,-0.007790556830735392,0.4620191285278281,0.08044871794871795,23,1,15
Goal Live Scores,40,0.17692905844155843,0.5138371392496393,0.2220075,9,4,27
Goibibo - Flight Hotel Bus Car IRCTC Booking App,38,0.41273037391458445,0.5649483873825979,0.31907368421052634,4,7,27
Goku Wallpaper Art,35,0.4643197278911565,0.517482993197279,0.43363142857142856,1,9,25
Gold Butterfly Keyboard Theme,39,0.4308228519166019,0.6011085211085211,0.36485641025641025,3,6,30
Golden Dictionary (EN-AR),37,0.34045045045045047,0.4903003003003003,0.3031621621621622,3,9,25
Golden Launcher,38,0.507079346092504,0.5899720893141945,0.4442394736842105,1,6,31
Goldstar: Live Event Tickets,40,0.5492664141414141,0.6354549062049062,0.5787675,0,2,38
Golf Channel,40,-0.025728535353535364,0.4610644841269841,-0.075235,19,9,12
Golf GPS Rangefinder: Golf Pad,39,0.2726327684661018,0.5649432511932512,0.5287512820512821,6,2,31
Golf GPS by SwingxSwing,40,0.2046785506160506,0.4576765171556838,0.47726499999999994,7,1,32
GolfLogix GPS + Putt Breaks,39,-0.07843205020288353,0.4526742085075418,-0.037092307692307695,18,6,15
"GolfNow: Tee Time Deals at Golf Courses, Golf GPS",38,0.1683002897862067,0.5041837396278186,0.3799736842105263,6,3,29
Golfshot Plus: Golf GPS,40,0.3861793695887446,0.4753117784992785,0.5158050000000001,3,7,30
Golfshot: Golf GPS + Tee Times,80,0.34424886363636364,0.4648870791245791,0.5274075,6,14,60
GoodRx Drug Prices and Coupons,37,0.25247104247104246,0.449028314028314,0.5725837837837838,3,10,24
Google,38,0.2603594687476266,0.4927439336978811,0.27094473684210524,3,7,28
Google Ads,72,0.1399653371320038,0.4323986484194818,0.2869138888888889,18,13,41
Google Duo - High Quality Video Calls,18,0.2856898148148148,0.49799074074074073,0.5550333333333334,2,1,15
Google Earth,38,0.0949020549208519,0.46496248060627754,0.285328947368421,10,5,23
Google Fit - Fitness Tracking,40,0.1300530303030303,0.4778642676767677,0.095485,12,6,22
Google Handwriting Input,38,0.2541081871345029,0.39329847053531264,0.28578947368421054,1,16,21
Google Keep,120,0.10001687003472717,0.4888327030112744,0.39143333333333336,30,9,81
Google My Business,117,0.26843628593628593,0.4494172494172495,0.25614358974358975,9,39,69
Google News,117,0.09391674022626403,0.49677560130933146,0.28081452991452993,39,0,78
Google PDF Viewer,80,0.10041042117604618,0.4412866107933072,0.26782249999999996,22,14,44
Google Pay,117,0.11568748609957398,0.5077741771354409,0.29333846153846155,30,6,81
Google Photos,191,0.14750958573897785,0.5018935734339623,0.43965183246073297,47,1,143
Google Primer,2,0.75,0.675,0.5326500000000001,0,0,2
Google Slides,1,0.9333333333333332,0.9166666666666666,0.9381,0,0,1
Google Street View,4,-0.5,0.6916666666666667,-0.43352499999999994,3,1,0
Google Translate,2,0.21416666666666664,0.48999999999999994,0.66895,0,0,2
Google Trips - Travel Planner,1,0.3,0.0,0.4404,0,0,1
Google Voice,8,0.15247928503787878,0.19622159090909091,0.040937500000000016,0,4,4
Google+,2,0.3680555555555556,0.46944444444444444,0.63765,0,0,2
Granny,29,0.06462316388125873,0.5562993347603944,0.5263344827586207,10,0,19
Graphing Calculator,79,0.2458298171589311,0.4644786015672091,0.3516455696202532,13,14,52
Grim Soul: Dark Fantasy Survival,36,0.05230612867822011,0.5017646990789126,0.5245722222222222,13,1,22
Groovebook Photo Books & Gifts,39,0.1639216068452763,0.5067545042492522,0.42320256410256407,8,1,30
GroupMe,39,0.11844004086191585,0.518137446598985,0.39345897435897437,11,0,28
"Groupon - Shop Deals, Discounts & Coupons",120,0.285940735479798,0.47119181975431973,0.45631000000000005,10,15,95
Grubhub: Food Delivery,76,0.12273932938406622,0.47002923976608185,0.2085657894736842,20,16,40
Guns of Glory,40,-0.1420604256854257,0.5351874996145829,0.059687500000000004,23,3,14
Gyft - Mobile Gift Card Wallet,120,-0.03364355250839038,0.5253256169825719,0.18133,48,18,54
H Pack,40,0.10824242424242422,0.37940877525252525,0.05676,10,10,20
H TV,39,0.3021153846153846,0.4085042735042735,0.2640153846153846,3,11,25
H&M,37,0.02447295645212312,0.5764898448231781,0.16036486486486487,16,1,20
HBO GO: Stream with TV Package,25,-0.055652711720192906,0.5216060351511479,-0.057952,17,2,6
HD Camera,1,0.0,0.0,-0.4019,0,1,0
HD Camera - Best Cam with filters & panorama,12,0.22337962962962962,0.5875,0.358225,2,2,8
HD Camera - Quick Snap Photo & Video,17,0.45568627450980387,0.5777731092436975,0.5073941176470589,0,4,13
HD Camera Pro for Android,17,0.07683823529411767,0.6097689075630253,0.2345176470588235,6,1,10
HD Camera Ultra,18,0.15469866870710122,0.5695181114814052,0.1948888888888889,5,0,13
HD Camera for Android,52,0.37619140624999997,0.5457669413919414,0.4528653846153846,2,10,40
HD Movie Video Player,31,0.18601533086352817,0.574268094334508,0.13843225806451614,8,2,21
HD Video Player,38,0.1979934210526316,0.435921052631579,0.23206315789473686,5,15,18
HD Widgets,31,0.18181783519859554,0.5138021885521885,0.32571612903225805,8,0,23
HDFC Bank MobileBanking,35,0.11144867037724179,0.5096762265512265,0.29476857142857144,9,1,25
HESI A2 Pocket Prep,30,0.37914682539682537,0.4689616402116402,0.5309766666666667,1,6,23
HISTORY: Watch TV Show Full Episodes & Specials,61,0.2112787731438599,0.5211220068298389,0.396572131147541,10,2,49
HTC Calendar,3,-0.03762626262626264,0.694949494949495,-0.3057,2,0,1
HTC File Manager,21,0.08894901394901396,0.26105098605098603,0.1828095238095238,3,13,5
HTC Gallery,28,0.031543995439084725,0.4448680287966002,0.1728464285714286,12,2,14
HTC Help,40,0.10687021254208755,0.3478900462962963,0.20335,9,15,16
HTC Lock Screen,39,0.031488187738187755,0.44924597778764447,-0.0107051282051282,17,10,12
HTC Mail,40,0.07874792828699077,0.4266290501826216,0.059555000000000004,11,5,24
HTC Sense Input,40,0.024668154761904756,0.4201793154761905,0.027877500000000006,13,12,15
HTC Sense Input-AR,40,0.2875963541666667,0.42227380952380955,0.2094325,5,16,19
HTC Service － DLNA,37,0.018377776127776118,0.44935433785433787,-0.0886135135135135,10,8,19
HTC Service—Video Player,40,0.031498868996671724,0.47739678377178374,0.133825,17,1,22
HTC Social Plugin - Facebook,39,-0.05170496455042354,0.49405168905168906,-0.23091538461538463,20,5,14
HTC Speak,39,0.0041057206682206535,0.3343441435108102,-0.03205897435897436,12,11,16
HTC Weather,38,0.06762483062014055,0.4530939659755449,0.05061315789473684,10,6,22
Hacker's Keyboard,40,0.26137154546438207,0.5788869654427428,0.6151774999999999,4,0,36
Hairstyles step by step,81,0.47091306584362136,0.5911601019008427,0.5325271604938272,4,10,67
Hamilton — The Official App,36,0.16104723181360084,0.43614353211823453,0.38265277777777773,7,8,21
Hangouts,114,0.2515033286340852,0.5312487273123238,0.36210438596491223,12,16,86
Happify,4,0.21889678030303028,0.34500000000000003,0.6133,0,1,3
Happy Birthday Songs Offline,17,0.36470588235294116,0.634313725490196,0.4627823529411765,2,1,14
Happy Fruits Bomb - Cube Blast,25,0.023922799422799405,0.45399134199134195,0.226592,7,5,13
Happy Street,22,0.053588817866161605,0.5082602813852813,0.46969999999999995,8,1,13
Harkins Theatres,22,0.08864442831572625,0.490007597621234,-0.016681818181818183,6,4,12
Harry Potter: Hogwarts Mystery,54,0.057560539508836786,0.4856774694112312,0.6638055555555555,14,0,40
HauteLook,33,0.1720851370851371,0.4925493025493025,0.2614212121212121,10,8,15
Hay Day,61,0.019572348739842257,0.5036815863370004,0.39573114754098365,24,3,34
Haystack TV: Local & World News - Free,15,0.5295,0.551611111111111,0.5406066666666667,0,2,13
Headspace: Meditation & Mindfulness,11,0.2270075757575757,0.42147727272727276,0.28315454545454544,0,2,9
Health and Nutrition Guide,112,0.39151077097505665,0.5183584892290249,0.40979642857142856,6,18,88
HealtheLife,40,0.06321230158730158,0.36319146825396825,0.1094525,12,14,14
Healthy Recipes Free,39,0.4033939116439117,0.5317927072927073,0.4656256410256411,1,7,31
Helix Jump,273,0.09966548025873484,0.4872210639607329,0.626408424908425,58,6,209
Hello Kitty Lunchbox,34,-0.05271838659706308,0.5605043532564542,0.26366764705882356,12,3,19
Hello Kitty Nail Salon,65,0.057448088948088935,0.517986901986902,0.20059230769230768,27,0,38
Hello Stars,67,0.16833037194977493,0.4964208718313196,0.28534328358208955,16,11,40
"HelloTalk — Chat, Speak & Learn Foreign Languages",3,0.20232638888888888,0.6530555555555556,-0.01903333333333332,1,0,2
Hero Hunters,30,-0.021667189003126506,0.5063131914381914,0.28480666666666665,12,2,16
"Herpes Dating: 1,000K+ Singles",32,0.17410830442498967,0.4679461145253556,0.3686875,7,5,20
Herpes Positive Singles Dating,28,0.3066502396413111,0.5264661281179138,0.47361785714285715,3,4,21
"Hide App, Private Dating, Safe Chat - PrivacyHider",53,-0.06963979416809606,0.46029688922770684,-0.03141698113207548,24,8,21
"Hide Something - Photo, Video",30,0.2407102347883598,0.5127991622574956,0.4002466666666667,5,4,21
Hideman VPN,31,0.12164696116309019,0.40125649738552965,0.09109032258064517,9,10,12
High Blood Pressure Symptoms,37,0.4195335960960961,0.5663588588588588,0.3581594594594595,5,4,28
High-Powered Flashlight,34,0.3389572975023343,0.5057320261437909,0.4098764705882353,1,9,24
"High-Speed Camera (GIF,Burst)",27,0.34845679012345676,0.3967372134038801,0.35854074074074077,3,6,18
Hill Climb Racing,44,0.09099915000988382,0.49867449971988176,0.3769,13,0,31
Hill Climb Racing 2,64,0.16214076741018374,0.47632809515851793,0.5461734375,11,6,47
"Hily: Dating, Chat, Match, Meet & Hook up",102,0.033778594771241816,0.5553312065566968,0.1106872549019608,29,17,56
Hinge: Dating & Relationships,69,0.15679880237851251,0.4962808119148699,0.48594347826086953,11,7,51
HipChat - Chat Built for Teams,66,-0.037827876788915756,0.3694698121443251,-0.14166060606060607,26,21,19
Hipmunk Hotels & Flights,35,0.5463015873015873,0.6215854119425549,0.5586514285714286,1,4,30
Hitwe - meet people and chat,9,-0.13945601851851852,0.694104938271605,0.1110888888888889,7,0,2
"Hole19: Golf GPS App, Rangefinder & Scorecard",19,0.4436382623224729,0.6068640350877192,0.7536105263157895,0,1,18
Home Decor Showpiece Art making: Medium Difficulty,25,0.19186666666666669,0.6261428571428571,0.223776,5,4,16
Home Scouting® MLS Mobile,32,0.09093580898268398,0.36908837256493504,0.20606249999999998,12,7,13
Home Security Camera WardenCam - reuse old phones,26,0.20145736208236206,0.48728809385059385,0.4493269230769231,4,4,18
Home Street – Home Design Game,57,0.11634259976695799,0.535353523254065,0.603661403508772,13,2,42
Home Workout - No Equipment,26,0.3383518564768565,0.5552208555333555,0.72535,1,1,24
Home Workout for Men - Bodybuilding,26,0.5234495192307692,0.47010378510378514,0.5916730769230769,0,4,22
"Home workouts - fat burning, abs, legs, arms,chest",8,0.4482204861111111,0.5969551282051282,0.6791875,0,0,8
HomeWork,1,1.0,0.3,0.8555,0,0,1
"Homes.com 🏠 For Sale, Rent",21,0.23836580086580086,0.4356902356902357,0.2693285714285714,3,7,11
Homescapes,52,0.038252643863011755,0.5245812840784173,0.5635346153846154,25,0,27
Homesnap Real Estate & Rentals,35,0.27684800170068025,0.47902116402116407,0.5007342857142857,6,4,25
Homestyler Interior Design & Decorating Ideas,34,0.1756305397541127,0.46706982799765306,0.44396176470588233,7,8,19
Homework Planner,37,0.2775236133048633,0.5334585326549611,0.753427027027027,4,0,33
Honkai Impact 3rd,76,0.10148298021520948,0.5235471409602994,0.777878947368421,22,0,54
Hopper - Watch & Book Flights,76,0.1780442098098064,0.47613748369461667,0.38371052631578945,18,4,54
Horoscopes – Daily Zodiac Horoscope and Astrology,35,0.2643148577612863,0.40594568130282416,0.38163428571428576,1,13,21
Horses Live Wallpaper,33,0.3454586448904631,0.5115710678210679,0.35284848484848486,2,9,22
Hostelworld: Hostels & Cheap Hotels Travel App,65,0.2534184783470498,0.5762854447140161,0.45411538461538464,12,11,42
Hot Wheels: Race Off,20,-0.008838897907647945,0.49031547919672913,0.283055,6,0,14
HotelTonight: Book amazing deals at great hotels,127,0.32890805836770404,0.5544839759613381,0.47701496062992127,17,17,93
Hotels Combined - Cheap deals,36,0.16078538359788358,0.35309964726631393,0.14291666666666666,7,14,15
Hotels.com: Book Hotel Rooms & Find Vacation Deals,68,0.10162220664781063,0.5454440715680212,0.26523382352941177,21,8,39
Hotspot Shield Free VPN Proxy & Wi-Fi Security,34,0.25176470588235295,0.3932843137254902,0.24705588235294118,3,14,17
Hotstar,32,0.03817782617308288,0.4939640988971346,0.022728125000000002,14,4,14
Hotwire Hotel & Car Rental App,33,0.18702944624819623,0.45971741221741225,0.11623030303030303,6,11,16
Housing-Real Estate & Property,21,-0.021426982409125262,0.37853153129938844,-0.0036285714285714215,10,3,8
